<?xml version="1.0" encoding="UTF-8"?>
<beans xmlns="http://www.springframework.org/schema/beans"
	   xmlns:context="http://www.springframework.org/schema/context"
	   	xmlns:mvc="http://www.springframework.org/schema/mvc"
	   
       xmlns:xsi="http://www.w3.org/2001/XMLSchema-instance"
       xsi:schemaLocation="http://www.springframework.org/schema/beans 
                           http://www.springframework.org/schema/beans/spring-beans.xsd
                           http://www.springframework.org/schema/context 
                           http://www.springframework.org/schema/context/spring-context.xsd
                           http://www.springframework.org/schema/mvc
http://www.springframework.org/schema/mvc/spring-mvc.xsd">
<!--  
xml 파일
IOC 컨테이너에 적재될 bean 객체 생성과 injection (DI)

1. 필용한 controller 생성하고 bean 객체 생성 , injection
2. 현재 >> 하나의 클래스가 method 단위로 요청을 처리하는 것은 조금 뒤에 ...
   현재 controller 하나당 요청 하나를 처리 ....
   결과 : 하나의 클래스가 method 단위로 요청을 처리
   
 controller 요청당 한개
   요청 : 게시판 목록보기 (행위 업무)
              게시판 글쓰기
              게시판 글 수정하기
          
  localhost:8090/website/customer/notice.htm
  
  
   추가작업 >>
  MemberDao 인터페이스 >> 구현 >> NewMemberDao  >> 빈객체 생성 .... 
  NoticeDao 인터페이스 >> 구현 >> NewNoticeDao  >> 빈객체 생성 ....
  
  context:component-scan 엘리먼트 사용시
   클래스 상단에
  @Component  : 최상위
  @Repository : DAO
  @Service    : 업무 
  @Controller : 요청 처리
  @RestController  :  비동기 요청
  클래스는 자동으로 빈객체 생성 ....
  
 @Repository
 class NewMemberDao {}
  아래 코드처럼 빈객를 생성할 필요 없다
 <context:component-scan base-package="dao" />
-->	
<context:annotation-config />
<context:component-scan base-package="kr.or.bit.controller"/>



<!-- ajax 위한 부분 -->
<mvc:annotation-driven /> <!-- @ResponseBody  messageConverter : json 변환 .. 동작-->

<bean name="/index.kosta" class="org.springframework.web.servlet.mvc.ParameterizableViewController" >
	<property name="viewName" value="index"></property>
</bean>


</beans> 







